2026-03-14 04:24:09.345,mouse_click,attention_pro - File Explorer,11.4,77.3,04:00,btn:left
2026-03-14 04:24:10.424,window_switch,attention_pro - File Explorer,12.7,77.4,04:00,→ JPMorganChase Software Engineering.txt - Notepad
2026-03-14 04:24:10.424,mouse_click,JPMorganChase Software Engineering.txt - Notepad,12.7,77.4,04:00,btn:left
2026-03-14 04:24:14.729,window_switch,JPMorganChase Software Engineering.txt - Notepad,13.9,77.4,04:00,→ requirements.txt - attention_pro - Visual Studio Code
2026-03-14 04:24:14.729,mouse_click,requirements.txt - attention_pro - Visual Studio Code,13.9,77.4,04:00,btn:left
2026-03-14 04:24:18.045,window_switch,requirements.txt - attention_pro - Visual Studio Code,16.5,77.4,04:00,→ Pushing .exe project to GitHub - Claude - Google Chrome
2026-03-14 04:24:18.045,mouse_click,Pushing .exe project to GitHub - Claude - Google Chrome,16.5,77.4,04:00,btn:left
2026-03-14 04:24:20.280,mouse_click,Pushing .exe project to GitHub - Claude - Google Chrome,15.5,77.3,04:00,btn:left
2026-03-14 04:24:22.390,window_switch,Pushing .exe project to GitHub - Claude - Google Chrome,21.2,77.2,04:00,→ requirements.txt - attention_pro - Visual Studio Code
2026-03-14 04:24:22.390,mouse_click,requirements.txt - attention_pro - Visual Studio Code,21.2,77.2,04:00,btn:left
